AGCO,UCvUbaC8BjzIGIIzI3gGq5BA
Anhui Jianghuai Automobile Co. Ltd,UCclamOUWwbid-IkpUipo7dA
Arctic Cat,UCZNvqiGznGApSxsVHxw9hrA
Ashok Leyland,UCcsfE910TN0QI6ae4dWXI6w
Audi AG,UCO5ujNeWRIwP4DbCZqZWcLw
Beiqi Foton Environmental Protection Power Co. Ltd,UCIiMalpdX9hQhDGuWMiMKaQ
Briggs & Stratton,UCno5fwrWZA0faCnbED0bfgg
BRP-Rotax,UCRZ6Vbb_gfQFCcftRebRyKg
Catepillar,UC-cPWz8Fwk5vdWS-nwW4GSQ
Caterpillar,UCetJvfhHNboF_Tl3auMOs5w
Chery Automobile Co. Ltd,UCFytPFIqnnTtVYuBM_r5Cqw
Chongqing Huansong Industries Co. Ltd.,UCE8x5L_cMeSsYHRzsKfwi4Q
CNH Industrial (India) Private Limited,UCbzwWqDJwM49JnzMpwoWm5g
Cummins,UCY1hwEOVMAZZmxG0JfJzz9Q
Cummins Engine Company,UCIFw2pXR2LfJqN_9cKOptsw
Daedong Industrial Co. LTD,UCkZKC0Z9NHe2PDyo2kYnChA
DAF,UCYpTG2hNwR9_NQxnOuf7Azg
Daimler,UCl55BYR2SvB2ZyRmV1FadTw
Deutz,UCdNBoJ3ikNyju2zQ6DA1oqw
Deutz AG,UC_dha2_9Bd4ZzCPbY-3-TOA
DMAX Ltd.,UCYKujEK13Mwe-kfnpo2d3Jw
Fiat Powertrain,UC_nBvBIV0K6P5C3tA27Hwrg
Force Motors LTD,UCiHC8js3Lo4K5LddcajKBqA
Ford Motors,UCKA96UxTdgFBwGZMGZ-135w
Ford Otosan,UCD5D1f5BHlXHxeeQhMnp_9A
FPT Industrial,UCMK0oBb-d1EaIl5z_wJAI0w
Freightliner,UC23nbgfFqMyZXsudoH_PM0Q
Fujian Lijia Co. Ltd,UCflUJJ6xnmWHupwwgcYerDQ
GM Powertrain,UCthYhRgpbkRXDPRZ5ih-Ihg
GM-Brazil,UCxN-Csvy_9sveql5HJviDjA
Great Wall Motor Co. Ltd,UCs5oqkMf9GqH4Lui1rbM-HA
Hino Motors,UCAkKSkM7gevw0qyeTJ9kKkA
Honda Motor Company ,UC22zQ9nBEk6KOjUWqR5XXZg
Hyundai Motor,UCP9ejqW5kzOIl33vpCPQ-kw
Isuzu Motors,UC3TcX2kqE5-ajJ0c76Dqkzg
IVECO,UCbzGGsXOXcED2UmDwexmcsg
JAC-Cummins Engine Company,UCeYY8gqgS3dtduoCZcCmEqw
JCB,UCyPI4E-_LVfmsG4oNKS56tw
JCB Power Systems LTD,UCscEv4CcaAJN5QZ42IzbKyQ
"Jiangsu Jianghuai Engine Co., Ltd",UCUrRGEoLHB8Bg_lFiT2tlVQ
"Jiangxi Jiangling Motors Co., Ltd.  (JMC)",UCuBuADBiXvnTJhnK1iLv4vg
John Deere,UCxeAYuhwAPAsSP7Gtfeml0g
Kamaz Inc.,UC0cJWcOF_6a_4vFSiB8Obtg
Kawasaki Heavy Industries,UC-CUX8cdTX9kTrC8WKhL0yg
Kenworth,UCudnmaEv5VOQUJaZZGDM6gg
Kia Motors,UCbp3o7U6oSa6s-LQBZvOnGg
Komatsu,UCT0rcqaWESref78w2B5sKcg
Kubota Corporation,UC6yhm9rO304Qq6kmukrh8pw
Kunming Yunnei Power Company LTD,UCWoG64hsCIiHxSqZiQ3aHJg
Mack Trucks,UC6ScTMFpIAE001dEgLYUzYw
