channel_id,video_title,video_id,publish_date
UCxN-Csvy_9sveql5HJviDjA,Introducing Safety View by GM Future Roads and INRIX,27rnvRkE1OM,2022-08-02T13:06:22Z
UCxN-Csvy_9sveql5HJviDjA,The Competitive Advantage with Gerald Johnson Episode 5: Behind the Scenes at Factory ZERO,uTOzg8Tp4F0,2022-06-14T16:08:12Z
UCxN-Csvy_9sveql5HJviDjA,You Ask. We Answer. ft Gerald Johnson and Paul Jacobson | General Motors,x_Fxfp75mrs,2022-06-09T11:00:23Z
UCxN-Csvy_9sveql5HJviDjA,GM Teams Up with Red Hat | General Motors,0UcPpz1X7tE,2022-05-31T13:15:32Z
UCxN-Csvy_9sveql5HJviDjA,Executive Stress :15 | Scream It Out | General Motors,pjCmSd2tPIM,2022-04-11T19:19:28Z
UCxN-Csvy_9sveql5HJviDjA,De-Stress Before You Drive | Scream It Out | General Motors,MMjKkk6WSlk,2022-04-11T19:19:19Z
UCxN-Csvy_9sveql5HJviDjA,Executive Stress | Scream It Out | General Motors,kh8z1AnKFCc,2022-04-11T19:19:15Z
UCxN-Csvy_9sveql5HJviDjA,Spring Hill LYRIQ Sizzle Reel,Bpua8pPVHw8,2022-03-21T17:27:21Z
UCxN-Csvy_9sveql5HJviDjA,The Competitive Advantage with Gerald Johnson Episode 4: The Direction of GM ft. Mary Barra,OMQEpI2wAdA,2022-03-01T16:30:01Z
UCxN-Csvy_9sveql5HJviDjA,Growing Beyond the Vehicle | GM Exhibit Zero,_sSb9x-OPVA,2022-01-18T16:22:43Z
UCxN-Csvy_9sveql5HJviDjA,Revolutionize the Drive | The Ultium Effect,CO-YXB2Tvow,2022-01-18T16:22:40Z
UCxN-Csvy_9sveql5HJviDjA,Our Sustainability Journey | GM Ultium Effect,2D9BF422CRo,2022-01-18T16:22:30Z
UCxN-Csvy_9sveql5HJviDjA,Introducing Ultifi | GM Ultium Effect,BHSAgRvi228,2022-01-18T16:22:25Z
UCxN-Csvy_9sveql5HJviDjA,On Earth and to the Moon | GM Ultium Effect,vxbw1JpS8Ro,2022-01-18T16:22:22Z
UCxN-Csvy_9sveql5HJviDjA,Subscribe to Innovation | GM Ultium Effect,SjrvsMM7qvk,2022-01-18T16:22:18Z
UCxN-Csvy_9sveql5HJviDjA,Expanding the Charging Ecosystem | GM Ultium Effect,PEbeQDtE3rY,2022-01-18T16:22:14Z
UCxN-Csvy_9sveql5HJviDjA,Zero Emissions for All | GM Ultium Effect,w2QGoiaKAzQ,2022-01-18T16:22:10Z
UCxN-Csvy_9sveql5HJviDjA,Cadillac's Vision for the Future | GM Ultium Effect,ujvqUvoDLU8,2022-01-18T16:22:05Z
UCxN-Csvy_9sveql5HJviDjA,Changemakers Wanted | GM Ultium Effect,IEbjU7Nw2YY,2022-01-18T16:22:01Z
UCxN-Csvy_9sveql5HJviDjA,Building the Chevy SilveradoEV | GM Ultium Effect,-K1wPPczVYE,2022-01-18T16:21:57Z
UCxN-Csvy_9sveql5HJviDjA,Our Path to Autonomy | GM Ultium Effect,EPQZ1r7xcco,2022-01-18T16:21:52Z
UCxN-Csvy_9sveql5HJviDjA,GM Chief Marketing Officer Deborah Wahl at CES,W_lVLeKTn3o,2022-01-10T21:12:40Z
UCxN-Csvy_9sveql5HJviDjA,GM Chief Digital Officer on MediaLink's CES E-Commerce Panel,RyRVqQA_Fio,2022-01-07T20:44:47Z
UCxN-Csvy_9sveql5HJviDjA,Re-Think the World | GM Exhibit Zero,uO-SYpHeuJY,2022-01-05T19:39:31Z
UCxN-Csvy_9sveql5HJviDjA,The Competitive Advantage with Gerald Johnson Episode 3: GM's All-Electric Growth Strategy,vsknM9G9Fm0,2021-12-15T17:01:13Z
UCxN-Csvy_9sveql5HJviDjA,The Competitive Advantage with Gerald Johnson Episode 1: Behind the Scenes with Mark Reuss,2NYh5FdektM,2021-12-15T16:51:44Z
UCxN-Csvy_9sveql5HJviDjA,Factory ZERO — An American Electric Vehicle Factory | General Motors,OaTtWr04qUM,2021-11-22T21:36:04Z
UCxN-Csvy_9sveql5HJviDjA,"Grand Opening of Factory ZERO, An American Electric Vehicle Factory",IXsRcGW7OIo,2021-11-17T23:02:14Z
UCxN-Csvy_9sveql5HJviDjA,"The Competitive Advantage with Gerald Johnson Episode 2: Jim Quick, Factory ZERO, and more!",5Wrekpl1Gow,2021-08-20T16:43:28Z
UCxN-Csvy_9sveql5HJviDjA,Lockheed Martin General Motors Partner to Develop Next-Generation Lunar Rover,5869l2cKLZw,2021-05-26T16:46:47Z
UCxN-Csvy_9sveql5HJviDjA,Can a Battery Platform Change the World? | EVerybody In | General Motors,lpQDXqFcyJ8,2021-02-22T22:51:05Z
UCxN-Csvy_9sveql5HJviDjA,The Electric Future Starts Now | EVerybody In | General Motors,RJuVmmniOs4,2021-02-22T21:38:33Z
UCxN-Csvy_9sveql5HJviDjA,Are You In? GM's Mission for an All Electric Future | CES 2021 | General Motors,B7lTjpJ-kwk,2021-02-09T14:14:34Z
UCxN-Csvy_9sveql5HJviDjA,GM's Vehicle Intelligence Platform Ensures an All-Electric Future | CES 2021 | General Motors,Y4JzwPa0C60,2021-02-09T14:14:10Z
UCxN-Csvy_9sveql5HJviDjA,OnStar Insurance Brings Vehicle Technology and Convenience | CES 2021 | General Motors,PsQDLdgmHfY,2021-02-09T14:13:57Z
UCxN-Csvy_9sveql5HJviDjA,GM's All-Electric Factory ZERO is Just the Beginning | CES 2021 | General Motors,iLBMXlXa5CY,2021-02-09T14:13:48Z
UCxN-Csvy_9sveql5HJviDjA,Inside GM's Wireless Battery Management System | CES 2021 | General Motors,0D0__jJ9JEE,2021-02-09T14:13:34Z
UCxN-Csvy_9sveql5HJviDjA,Stress Less with Super Cruise Driver Assistance Technology | CES 2021 | General Motors,o4HJwNXypcc,2021-02-09T14:13:21Z
UCxN-Csvy_9sveql5HJviDjA,GM Invests in STEM Education for Young People | CES 2021 | General Motors,_V0Tt4UJnJ4,2021-02-09T14:12:59Z
UCxN-Csvy_9sveql5HJviDjA,Introducing Periscope: GM's New Safety Brand | CES 2021 | General Motors,LKaZ7HGPSrA,2021-02-09T14:05:26Z
UCxN-Csvy_9sveql5HJviDjA,Inflection Point: Putting Everybody in an EV | CES 2021 | General Motors,9ms6PZWxkAk,2021-02-09T13:43:20Z
UCxN-Csvy_9sveql5HJviDjA,Ireland IT Innovation Center | General Motors,MNc_6dIGCMY,2021-02-04T16:35:05Z
UCxN-Csvy_9sveql5HJviDjA,"Introducing BrightDrop, an Electrified and Connected Delivery Ecosystem",4rthiP0yx68,2021-01-12T14:42:50Z
UCxN-Csvy_9sveql5HJviDjA,EV Trivia with TechMe0ut,2B0VHkI2zDs,2020-12-14T17:00:05Z
UCxN-Csvy_9sveql5HJviDjA,How to Build a Lemon Battery ft. Physics Girl,DSb2XPjfMls,2020-12-08T20:09:07Z
UCxN-Csvy_9sveql5HJviDjA,Infantry Squad Vehicle Off-Road | GM Defense,XOZUSFCR3iA,2020-10-27T13:17:51Z
UCxN-Csvy_9sveql5HJviDjA,I’m an Engineer – Andrea,R0MqqVgqYkA,2020-10-09T21:01:57Z
UCxN-Csvy_9sveql5HJviDjA,I’m an Engineer – Sierra,-5JfQFD6ZMg,2020-10-09T21:00:21Z
UCxN-Csvy_9sveql5HJviDjA,I’m an Engineer – Brooke,I4pD1VWjvfY,2020-10-09T20:57:39Z
UCxN-Csvy_9sveql5HJviDjA,How to Test Wind Energy at Home | STEM Online Learning | General Motors,D8CAab815CM,2020-07-26T16:01:44Z
UCxN-Csvy_9sveql5HJviDjA,Cómo probar la energía eólica en casa | Aprendizaje en línea de STEM | General Motors,hnWx6TYK7Lk,2020-07-26T16:00:24Z
UCxN-Csvy_9sveql5HJviDjA,Electric Car Charging Explained | STEM Online Learning | General Motors,jmqnRmN-cDk,2020-07-19T16:00:14Z
UCxN-Csvy_9sveql5HJviDjA,Explicación de carga de vehículo eléctricos | Aprendizaje en línea de STEM | General Motors,UTLftbPVj1o,2020-07-19T16:00:09Z
UCxN-Csvy_9sveql5HJviDjA,GM Canada Celebrates the First Millionth Milestone on the Journey to 10 Million Masks!,CelLKE2fkv4,2020-07-15T14:14:04Z
UCxN-Csvy_9sveql5HJviDjA,How Electric Cars Work | STEM Online Learning | General Motors,xDz8qimoitM,2020-07-12T16:00:30Z
UCxN-Csvy_9sveql5HJviDjA,Cómo funcionan los vehículos eléctricos | Aprendizaje en línea de STEM | General Motors,aSaXOCfg0sU,2020-07-12T16:00:01Z
UCxN-Csvy_9sveql5HJviDjA,Cómo funcionan las baterías | Aprendizaje en línea de STEM | General Motors,99eUSTgiV34,2020-06-28T16:00:02Z
UCxN-Csvy_9sveql5HJviDjA,How Batteries Work | STEM Online Learning | General Motors,4a2-iIPQ4CE,2020-06-28T16:00:01Z
UCxN-Csvy_9sveql5HJviDjA,How to Design Your Own Car | STEM Online Learning | General Motors,rzuemoK21EM,2020-06-21T16:00:26Z
UCxN-Csvy_9sveql5HJviDjA,Cómo diseñar tu propio vehículo | Aprendizaje en línea de STEM | General Motors,ihkNwjMYcpA,2020-06-21T16:00:14Z
UCxN-Csvy_9sveql5HJviDjA,Community of Canada,rBEcCyh_qMQ,2020-06-16T16:38:32Z
UCxN-Csvy_9sveql5HJviDjA,Community of Canada,eVIYyShUoes,2020-06-16T16:37:16Z
UCxN-Csvy_9sveql5HJviDjA,GM Canada’s Mask Making Testimonials: Ian Soutter,j_5g0Dj1EzA,2020-06-16T16:35:11Z
UCxN-Csvy_9sveql5HJviDjA,GM Canada’s Mask Making Testimonials: Mark Borg,_60deU1cpS0,2020-06-16T16:33:58Z
UCxN-Csvy_9sveql5HJviDjA,GM Canada’s Mask Making Testimonials: Trisha & Jeannine,1V5rgMz8JH8,2020-06-16T16:32:36Z
UCxN-Csvy_9sveql5HJviDjA,GM Canada’s Mask Making Testimonials: Bill MacDonald,rbuZP9zDb9Q,2020-06-16T16:30:01Z
UCxN-Csvy_9sveql5HJviDjA,Cómo funcionan los vehículos eléctricos | Aprendizaje en línea de STEM | General Motors,IncW2lisLJ8,2020-06-14T18:37:40Z
UCxN-Csvy_9sveql5HJviDjA,How Autonomous Vehicles See The Road | STEM Online Learning | General Motors,QJNgZrp37N8,2020-06-14T16:00:10Z
UCxN-Csvy_9sveql5HJviDjA,How to measure air quality near your home | STEM Online Learning | General Motors,vp9AY8k5Lqc,2020-06-07T16:00:21Z
UCxN-Csvy_9sveql5HJviDjA,Cómo medir la calidad del aire cerca de tu casa | Aprendizaje en línea de STEM | General Motors,BgFEL_86ZA8,2020-06-07T16:00:04Z
UCxN-Csvy_9sveql5HJviDjA,Cómo construir un motor eléctrico | Aprendizaje en línea de STEM | General Motors,lvBNDVfUTVI,2020-06-04T14:37:31Z
UCxN-Csvy_9sveql5HJviDjA,How to Make an Electric Motor | STEM Online Learning | General Motors,7fpClaO0H-g,2020-05-31T16:00:07Z
UCxN-Csvy_9sveql5HJviDjA,Introducing Electrifying Engineering | STEM Online Learning | General Motors,Fjpsu-ar79s,2020-05-28T16:04:01Z
UCxN-Csvy_9sveql5HJviDjA,Oshawa Operations' Canadian Mask Making Room Transformation (Timelapse),9VZ59X-o2b8,2020-05-26T20:25:20Z
UCxN-Csvy_9sveql5HJviDjA,Scott Bell visits the Canadian Mask Making room at GM Canada's Oshawa Operations,exfyRKCZg5s,2020-05-26T20:10:42Z
UCxN-Csvy_9sveql5HJviDjA,General Motors | Ventec Life Systems,1OTdHbJWMpg,2020-04-14T19:16:18Z
UCxN-Csvy_9sveql5HJviDjA,My GM Rewards: Meet our Members – Cyrena | GM,lYZV7-WyKCU,2020-04-09T21:36:32Z
UCxN-Csvy_9sveql5HJviDjA,GM eBoost Trailer Brake Concept,hUFkJgLxDVs,2020-01-24T15:01:39Z
UCxN-Csvy_9sveql5HJviDjA,Austin: A Great Place to Live and Work,tZ2wX-_hJm0,2020-01-09T18:40:26Z
UCxN-Csvy_9sveql5HJviDjA,GM’s Austin Innovation Center,wG12hR53mxM,2020-01-09T18:40:03Z
UCxN-Csvy_9sveql5HJviDjA,Welcome to our Warren Tech Center,lJmu0iJ--4w,2020-01-09T18:37:19Z
UCxN-Csvy_9sveql5HJviDjA,Employee Benefits at GM,YCXigdYWDdg,2020-01-09T18:32:21Z
UCxN-Csvy_9sveql5HJviDjA,The Renaissance Center: General Motors’ HQ,2j3BcQt91_0,2020-01-09T18:31:53Z
UCxN-Csvy_9sveql5HJviDjA,Inspired by Innovation: Careers at General Motors,VRAPPyZxEKI,2020-01-09T18:17:42Z
UCxN-Csvy_9sveql5HJviDjA,"Transform Mobility, Come Work for GM",6k4l4037SE0,2020-01-09T18:13:54Z
UCxN-Csvy_9sveql5HJviDjA,Interviewing at GM: How Our Process Works,SmUNcolPJpM,2020-01-09T18:12:47Z
UCxN-Csvy_9sveql5HJviDjA,A Culture of Inclusion,fCPt0isdNGE,2020-01-09T18:00:31Z
UCxN-Csvy_9sveql5HJviDjA,The Pathway to Pursue Your Passions,rcuUAWM8418,2020-01-09T17:51:23Z
UCxN-Csvy_9sveql5HJviDjA,Detroit: A Great Place to Live and Work,MnOYqOwPNg8,2020-01-09T17:49:24Z
UCxN-Csvy_9sveql5HJviDjA,Oshawa Transformation,t8WmErDFPpM,2019-12-18T17:28:28Z
UCxN-Csvy_9sveql5HJviDjA,How a Strong Cybersecurity Posture Enables GM’s Future,x9YA3P8SlMo,2019-11-05T17:01:17Z
UCxN-Csvy_9sveql5HJviDjA,Career Tips for New Grads,pa4Yh20Hay0,2019-10-31T17:34:25Z
UCxN-Csvy_9sveql5HJviDjA,Discover the GM Arizona IT Innovation Center,mGUEk2tYydU,2019-10-22T20:59:33Z
UCxN-Csvy_9sveql5HJviDjA,GM EXCELerate Sizzle Reel,2CTgJzDUuZk,2019-08-22T13:28:08Z
UCxN-Csvy_9sveql5HJviDjA,Pursuing Your Passions,fFdsb74WUyM,2019-06-28T01:50:45Z
UCxN-Csvy_9sveql5HJviDjA,"Day in the Life: Bryan Quintanilla, Design Thinking Lead at General Motors",gdLrlDMNgcY,2018-11-13T17:07:28Z
UCxN-Csvy_9sveql5HJviDjA,"Day in the Life: Rachael Aptowitz, Compartment Integration Engineer at General Motors",GlGEJig1pis,2018-10-16T17:08:13Z
UCxN-Csvy_9sveql5HJviDjA,"Day in the Life: Nikhil Neti, Autonomous Control Integration Engineer at General Motors",S16G6s4cjCg,2018-09-13T18:38:43Z
UCxN-Csvy_9sveql5HJviDjA,Driven By Dreamers: From Firebirds to Future Mobility,p3DYDhI9LQ0,2018-08-06T14:45:11Z
UCxN-Csvy_9sveql5HJviDjA,Life at GM Canada’s Markham Campus,EVHpz7xEJ4k,2018-07-02T20:45:12Z
